{"cameraMode":{"drawMode":0,"name":"Shaded","section":"Shading Mode"},"sceneLighting":false,"audioPlay":false,"sceneViewState":{"m_AlwaysRefresh":false,"showFog":true,"showSkybox":false,"showFlares":true,"showImageEffects":true,"showParticleSystems":true,"showVisualEffectGraphs":true,"m_FxEnabled":true},"in2DMode":false,"pivot":{"x":-0.4061621427536011,"y":12.104970932006836,"z":1.840555191040039},"rotation":{"x":0.13297630846500398,"y":0.0433928444981575,"z":-0.005828223656862974,"w":0.9901536107063294},"size":11.543462753295899,"orthographic":false}