{"cameraMode":{"drawMode":0,"name":"Shaded","section":"Shading Mode"},"sceneLighting":false,"audioPlay":false,"sceneViewState":{"m_AlwaysRefresh":false,"showFog":true,"showSkybox":false,"showFlares":true,"showImageEffects":true,"showParticleSystems":true,"showVisualEffectGraphs":true,"m_FxEnabled":true},"in2DMode":false,"pivot":{"x":-0.04527340829372406,"y":15.29327392578125,"z":0.04770636558532715},"rotation":{"x":0.07335858047008515,"y":0.04515871778130531,"z":-0.0033257140312343837,"w":0.996279239654541},"size":1.078436255455017,"orthographic":false}